ISBN;TITOLO;ANNO PUBBLICAZIONE;DATA AGGIUNTA;GENERE;TIPO;AUTORE/I;EDITORE;COLLANA;LINGUA;NUMERO COPIE;PREZZO;SCAFFALE;RIPIANO
N/D;"opportunità occupazionali e creazione di impresa nella gestione dei rifiuti ";2000;N/D;attualità;N/D;Viale Guido;N/D;Quaderni di Italia lavoro;italiano;1;N/D;3;1
N/D;soluzione e impiego di modelli econometrici;1974;N/D;attualità;N/D;Parenti Giuseppe;Il Mulino;N/D;italiano;1;3500 lire;3;1
N/D;Un governo eretto dal popolo;1959;N/D;attualità;N/D;aavv;Usis;N/D;italiano;2;N/D;3;1
N/D;Ricerca sull'integrazione e l'accoglienza dei minori stranieri nelle scuole della provincia di Latina;2007;N/D;attualità;N/D;aavv;N/D;N/D;italiano;2;N/D;3;1
N/D;Il dilemma energetico;1975;N/D;attualità;N/D;Zorzoli ;Feltrinelli;Nuovi testi;italiano;1;2200 lire;3;1
8881841150;Il piano di emergenza;1997;N/D;attualità;N/D;Ruggieri,Marinelli;Epc;Sicurezza;italiano;1;30000 lire;3;1
881812031x;La protezione civile oggi;1987;N/D;attualità;N/D;Pastorelli Elveno;Rusconi;N/D;italiano;1;24000 lire;3;1
8830708674;Occhi per l'Africa;1999;N/D;attualità;N/D;Sesana;Emi;N/D;italiano;1;N/D;3;1
8870317404;Tra uomini ;1993;N/D;attualità;N/D;schellenbaum;red edizioni;Immagini del profondo;italiano;1;39000 lire;3;1
N/D;il fondo mondiale di solidarietà;N/D;N/D;attualità;rivista;aa vv;N/D;N/D;italiano;1;N/D;3;1
N/D;lezione di educazione stradale;2007;N/D;attualità;rivista;sangalli roberto;le monnier;scuola e azienda;italiano;1;N/D;3;1
9788842087229;Fragile e spavaldo ritratto dell'adolescente di oggi;2009;N/D;attualità;Saggio;Pietropolli;Laterza;Saggi tascabili;italiano;1;€ 10,00;3;1
9771129085087;Inglesi;2001;N/D;attualità;N/D;Severgnini Beppe;Bur;I bestseller 2001;italiano;1;7900 lire;3;1
N/D;L'educazione sanitaria;1978;N/D;attualità;raccolta di documenti;aavv;Le Monnier;Studi e documenti degli annali della pubblica istruzione;italiano;1;2700 lire;3;1
N/D;L'euro e le tasse;2001;N/D;attualità;Saggio;Santacroce,mobili;N/D;L'euro;italiano;1;N/D;3;1
35405898880;Gear motor handbook;1995;N/D;attualità;Saggio;aavv;Springer;N/D;inglese;2;N/D;3;1
N/D;dentro il senato della repubblica;2010;N/D;attualità;saggio;aa vv;senato della repubblica;N/D;italiano;1;N/D;3;1
15943674;Scenari dell'allargamento dell'unione europea;2007;N/D;attualità;Saggio;aavv;Formez;Strumenti;italiano;1;N/D;3;1
9788864800523;Osservatorio romano sulle migrazioni;2016;N/D;attualità;Saggio;aa.vv;Idos;N/D;italiano;1;€ 20,00;3;1
8887731144;Popolazione, ambiente e sviluppo;2002;N/D;attualità;Saggio;aa.vv;21 Secolo;N/D;italiano;2;N/D;3;1
N/D;Carta dei diritti fondamentali dell'Unione Europea;N/D;N/D;attualità;N/D;N/D;N/D;N/D;italiano;1;N/D;3;1
N/D;La cultura della legalità;2010;N/D;attualità;Saggio;aa.vv;N/D;N/D;italiano;1;N/D;3;1
N/D;La Costituzione della Repubblica Italiana;2008;N/D;attualità;Raccolta di leggi;aa.vv;Luigi Tarantola;N/D;italiano;1;N/D;3;1
N/D;<<quando lo sciopero?>>;1981;N/D;attualità;Raccolta di Documenti;aa.vv;N/D;N/D;italiano;1;23000 lire;3;1
8804373792;Zilgrei;1980;N/D;attualità;N/D;Greissing , Zillo;Mondatori;Oscar Mondatori;italiano;1;13000 lire;3;1
N/D;Mai prima di mezzanotte;2000;N/D;attualità;Saggio;Gruppo Adele;Ega;N/D;italiano;1;N/D;3;1
N/D;vita italiana;1997;N/D;attualità;saggio;aa vv;presidenza del consiglio dei ministri;N/D;italiano;1;N/D;3;1
N/D;Il pantentino;2004;N/D;attualità;Guida;Fondazione per la sicurezza stradale;x-trade;N/D;italiano;1;N/D;3;1
8839572805;i soggetti giuridici ed economici;2000;N/D;attualità;scuola;fortino carla;paramond;nuovi protagonisti-modulo s;italiano;1;9200 lire;3;1
8823313848;Il rapporto uomo-ambiente;2000;N/D;attualità;Scuola;Rossi Lucia;tramontana;Il mondo di diritto ed economia;italiano;2;€ 2,74;3;1
8823316731;Impariamo il diritto ed economia;2001;N/D;attualità;Scuola;Rossi Lucia;tramontana;N/D;italiano;1;N/D;3;1
00238774;I limiti dello sviluppo;1972;N/D;attualità;Saggio;Meadows.D.H , Meadows.D.L, Randers, Behrens ;Mondatori;Biblioteca della EST;italiano;1;15000 lire;3;1
N/D;Servizi ed assistenza sociale di fabbrica ;1963;N/D;attualità;Raccolta Fotografica;N/D;Società Olivetti;N/D;italiano;1;N/D;3;1
9788869951138;I Rosselli.Attualità di un ricordo;2016;N/D;attualità;saggio;Nencioni;Pacini;Quaderni del circolo Rosselli;italiano;1;€ 15,00;3;1
N/D;Gli studi di relazioni industriali in Italia;1972;N/D;attualità;saggio;Ammassari;Edizioni di comunità;Rapporti sulle scienze sociali;italiano;1;5000 lire;3;1
N/D;Energia per il futuro;1972;N/D;attualità;saggio;Accinni,Cavalleri;Feltrinelli;N/D;italiano;1;800 lire;3;1
9788825018127;Ma io che c'entro?;2009;N/D;attualità;saggio;Albanese;Edizioni messaggero Padova;N/D;italiano;1;€ 10,00;3;1
N/D;Terzo mondo e mercato internazionale;1976;N/D;attualità;saggio;Monti;Loffredo Editore;N/D;italiano;1;4500 lire;3;1
N/D;I problemi dell'alimentazione italiana;1976;N/D;attualità;saggio;Bagnulo;Edigraf;N/D;italiano;1;7000 lire;3;1
N/D;Il commercio elettronico;2002;N/D;attualità;Rivista;Balocco,Gandini;Il sole 24 ore;I libri di alpha;italiano;1;N/D;3;1
8806135023;La modernità squilibrata del mezzogiorno;1989/91;N/D;attualità;saggio;Barbagallo;Piccola Biblioteca Einaudi;N/D;italiano;1;20000 lire;3;1
978883179372;Falce e carrello;2007;N/D;attualità;saggio;Caprotti;Marsilio;N/D;italiano;1;N/D;3;1
8806127616;Praga magica;1973;N/D;attualità;N/D;Ripellino;Einaudi;N/D;italiano;1;14000 lire;3;1
9878860611949;La zona omega 3^R x;2003;N/D;attualità;saggio;Sears;Sperling, Kupfer economica;N/D;italiano;1;€ 10,50;3;1
N/D;Comunità europea e sviluppo politico;1974;N/D;attualità;saggio;Papisca;Editori meridionali riuniti;Contributo all'analisi del sistema comunitario europeo;italiano;1;9900 lire;3;1
N/D;Guardia medica;1987;N/D;attualità;saggio;Pensuti;Nuova editrice Spada;N/D;italiano;1;30000 lire;3;1
8817126829;La fonte della giovinezza;1995;N/D;attualità;N/D;Pierpaoli,Regelson,Colman;Rizzoli;N/D;italiano;1;€ 8,26;3;1
8878269247;Segni e segnali;1991;N/D;attualità;saggio;Poltini;Coletti;N/D;italiano;1;N/D;3;1
N/D;La nuvola della vita;1978;N/D;attualità;N/D;Hoyle,Wickramasinghe;Club degli editori;N/D;italiano;1;N/D;3;1
N/D;Quando conviene la rivalutazione delle partecipazioni societarie;2002;N/D;attualità;Rivista;D'Andrea;Mythos;Italia oggi;italiano;1;N/D;3;1
N/D;Sindacati e potere negli Stati Uniti;1961;N/D;attualità;saggio;Ferrarotti;Edizioni di comunità;Studi e ricerche di scienze sociali;italiano;1;2000 lire;3;1
8882922588;Enrico Tonti;2004;N/D;attualità;biografia;Vitelli;La città del sole;N/D;italiano;1;€ 32,00;3;1
N/D;Giovani lavoro e ambiente;N/D;N/D;attualità;saggio;Vona;Istituto tecnico commerciale “Vittorio Veneto” di Latina;Quale futuro;italiano;1;10000 lire;3;1
N/D;I giorni tascabili;1977;N/D;attualità;saggio;Zavoli;Minerva italica;N/D;italiano;1;N/D;3;1
N/D;Schemi e notizie di storia delle esplorazioni geografiche;1968;N/D;attualità;N/D;Toschi;Cremonese;N/D;italiano;1;1600 lire;3;1
N/D;L'organizzazione amministrativa;1966;N/D;attualità;saggio;Treves;Cremona nuova;Studi e ricerche di scienze sociali;italiano;1;2300 lire;3;1
N/D;Orientamenti pedagogici;1977;N/D;Pedagogia e psicologia;Raccolta di studi e ricerche;aa vv;s.e.i.;N/D;italiano;1;6000 lire;3;2
N/D;una scuola modello;1975;N/D;Pedagogia e psicologia;saggio;aa vv;edizioni della voce;N/D;italiano;1;2000 lire;3;2
N/D;didattica della comunicazione didattica;2008;N/D;Pedagogia e psicologia;manuale;aa vv;miur;quaderni;italiano;1;M/D;3;2
N/D;fisiologia e psicologia dello sport;1986;N/D;Pedagogia e psicologia;saggio;aa vv;mondadori;biblioteca della est;italiano;1;35000 lire;3;2
8817118044;giovani ;1997;N/D;Pedagogia e psicologia;saggio;andreoli vittorino;bur;superbur saggi;italiano;4;16000 litre;3;2
8809500172;scuola e insegnamento negli USA ;1987;N/D;Pedagogia e psicologia;saggio;aa vv;giunti & lisciani;N/D;italiano;1;16000 lire;3;2
8805036250;introduzione alla psicologia del lavoro;1977;N/D;Pedagogia e psicologia;saggio;cuny leplat;s.e.i.;psicologia e società;italiano;1;8000 lire;3;2
N/D;psiche e società primitive;1975;N/D;Pedagogia e psicologia;saggio;levy-bruhl;newton compton;paperbacks saggi;italiano;1;2000 lire;3;2
N/D;nodi;1974;N/D;Pedagogia e psicologia;saggio;laing;einaudi;nuovo politecnico;italiano;1;1200 lire;3;2
N/D;Saggi e scritti critici vari - Studio sul Petrarca I;1941;N/D;Critica letteraria;Saggio;De Sanctis Francesco;A. Barion;La Universale Barion;Italiano;1;N/D;3;3
N/D;Saggi e scritti critici vari - Saggi critici II;1941;N/D;Critica letteraria;Saggio;De Sanctis Francesco;A. Barion;La Universale Barion;Italiano;1;N/D;3;3
N/D;Saggi e scritti critici vari - Saggi critici III;1941;N/D;Critica letteraria;Saggio;De Sanctis Francesco;A. Barion;La Universale Barion;Italiano;1;N/D;3;3
N/D;Saggi e scritti critici vari - Saggi critici IV;1941;N/D;Critica letteraria;Saggio;De Sanctis Francesco;A. Barion;La Universale Barion;Italiano;1;N/D;3;3
N/D;Saggi e scritti critici vari - Studi su Alessandro Manzoni V;1941;N/D;Critica letteraria;Saggio;De Sanctis Francesco;A. Barion;La Universale Barion;Italiano;1;N/D;3;3
N/D;Saggi e scritti critici vari - La scuola liberale VI;1941;N/D;Critica letteraria;Saggio;De Sanctis Francesco;A. Barion;La Universale Barion;Italiano;1;N/D;3;3
N/D;Saggi e scritti critici vari - La scuola democratica VII;1941;N/D;Critica letteraria;Saggio;De Sanctis Francesco;A. Barion;La Universale Barion;Italiano;1;N/D;3;3
N/D;Saggi e scritti critici vari - Studio su Giacomo Leopardi VIII;1941;N/D;Critica letteraria;Saggio;De Sanctis Francesco;A. Barion;La Universale Barion;Italiano;1;N/D;3;3
N/D;Storia della letteratura italiana I;1943;N/D;Critica letteraria;Saggio;De Sanctis Francesco;A. Barion;La Universale Barion;Italiano;1;N/D;3;3
N/D;Storia della letteratura italiana II;1943;N/D;Critica letteraria;Saggio;De Sanctis Francesco;A. Barion; La Universale Barion;Italiano;1;N/D;3;3
N/D;La giovinezza;1942;N/D;Critica letteraria;Saggio;De Sanctis Francesco;A. Barion; La Universale Barion;Italiano;1;N/D;3;3
8842034177;Inroduzione a Galilei;1989;N/D;Critica letteraria;Saggio;Battistini Andrea;Laterza;Gli scrittori;Italiano;1;16000 lire;3;3
8842033510;Introduzione a Capuana;1989;N/D;Critica letteraria;Saggio;Storti Abate Anna;Laterza;Gli scrittori;Italiano;1;16000 lire;3;3
8842034436;Introduzione a Balzac;1989;N/D;Critica letteraria;Saggio;Fiorentino Francesco;Laterza;Gli scrittori;Italiano;1;16000 lire;3;3
8842032301;Introduzione a De Roberto;1988;N/D;Critica letteraria;Saggio;Sipala M. Paolo;Laterza;Gli scrittori;Italiano;1;16000 lire;3;3
884203391x;Introduzione a Pasolini;1989;N/D;Critica letteraria;Saggio;Martellini Luigi;Laterza;Gli scrittori;Italiano;1;16000 lire;3;3
8806003909;Dostoevskij;1968;N/D;Critica letteraria;Saggio;Bachtin Michail;Einaudi;piccola biblioteca einaudi;Italiano;1;12000 lire;3;3
8873800599;trattato del melodramma;1985;N/D;Critica letteraria;Saggio;aa vv;pratiche editrice;A! A! A!;Italiano;1;9500 lire;3;3
8806593943;finzioni occidentali;1986;N/D;Critica letteraria;Saggio;Celati Gianni;Einaudi;piccola biblioteca einaudi;Italiano;1;14000 lire;3;3
N/D;6 saggi e 6 risposte su proust e sul romanzo;1977;N/D;Critica letteraria;Saggio;Butor Michel;pratiche editrice;le forme del discorso;Italiano;1;18000 lire;3;3
N/D;il futurismo italiano;1975;N/D;Critica letteraria;Saggio;Gherarduucci Isabella;strumenti editori riuniti;strumenti per la ricerca interdisciplinare;Italiano;1;1800 lire;3;3
N/D;critici romantici;1979;N/D;Critica letteraria;Saggio;Consoli Domenico;edizioni nuova spada;N/D;Italiano;1;30000 lire;3;3
N/D;lo sguardo nel racconto;1985;N/D;Critica letteraria;Saggio;Pugliatti Paola;Zanichelli;critica letteria contemporanea;Italiano;1;19000 lire;3;3
8879941178;contro simone;2003;N/D;Critica letteraria;Saggio;Pasqualetti Tito;Herbita;N/D;Italiano;1;8,26 euro;3;3
N/D;marinetti e il futurismo;1973;N/D;Critica letteraria;Saggio;de maria luciano;mondadori;oscar mondadori - per conoscere;Italiano;1;1200 lire;3;3
8842009455;Manzoni;1985;N/D;Critica letteraria;Saggio;nigro salvatore;laterza;letteratura italiana laterza;Italiano;1;25000 lire;3;3
N/D;guicciardini e la crisi del rinascimento;1979;N/D;Critica letteraria;Saggio;scarano lugnani emanula;laterza;letteratura italiana laterza;Italiano;1;10000 lire;3;3
N/D;parini e la poesia arcadica;1981;N/D;Critica letteraria;Saggio;savoca giuseppe;laterza;letteratura italiana laterza;Italiano;1;20000 lire;3;3
8873801226;C'erano uomini forti ;1991;N/D;Critica letteraria;Saggio;Ford Madox Ford;pratiche editrice;nuovi saggi;Italiano;2;25000 lire;3;3
887380151x;nell'eta della prosa;1991;N/D;Critica letteraria;Saggio;heller erich;pratiche editrice;nuovi saggi;Italiano;2;30000 lire;3;3
N/D;la poesia dadaista tedesca;1976;N/D;Critica letteraria;Saggio;forte luigi;einaudi;la ricerca letteraria;Italiano;1;3500 lire;3;3
N/D;prinncipi di critica testuale;1978;N/D;Critica letteraria;Saggio;d'arco silvio avalle;antenore;vulgares eloquentes;Italiano;1;4000 lire;3;3
8871381920;l'altro pavese;2000;N/D;Critica letteraria;Saggio;sanna paolo;carlo delfino ;N/D;Italiano;1;11,88 euro;3;3
N/D;antologia della critica letteraria II;N/D;N/D;Critica letteraria;Saggio;russo luigi;g. d'anna;N/D;Italiano;1;1800 lire;3;3
8806402463;il romanzo senza idillio;1974;N/D;Critica letteraria;Saggio;raimondi;einaudi;einaudi paperbacks;Italiano;1;30000 lire;3;3
9788809848849;TRA LETTERATURA E MONDO;2017;N/D;Critica letteraria;Saggio;aa vv;giunti;percorsi treccani;Italiano;1;N/D;3;3
N/D;L'ora della scelta;1961;N/D;psicologia e pedagogia;saggio;Kissinger;Edizioni di comunità;Saggi di cultura contemporanea;italiano;1;3000 lire;3;2
N/D;La mente umana;1971;N/D;psicologia e pedagogia;N/D;Goldenson;Zanichelli;N/D;italiano;1;2000 lire;3;2
8806125656;La morte della famiglia;1971;N/D;psicologia e pedagogia;N/D;Cooper;Einaudi;N/D;italiano;1;18000 lire;3;2
8824452280;Psicologia dello sviluppo ed educazione;1999;N/D;psicologia e pedagogia;saggio;Coppola;Edizioni Simone;N/D;italiano;1;€ 12,91;3;2
8806123130;Anatomia dell'amore;1992;N/D;psicologia e pedagogia;N/D;Bergmann;Einaudi;N/D;italiano;1;26000 lire;3;2
N/D;Le vestali della classe media;1969;N/D;psicologia e pedagogia;N/D;Barbagli,Dei;Società editrice Il Mulino Bologna;N/D;italiano;1;5000 lire;3;2
N/D;Attività e tecniche educative nel tempo pieno;1978;N/D;psicologia e pedagogia;saggio;Migliotti;Società editrice internazionale;Collana di orientamenti pedagogici;italiano;1;8500 lire;3;2
97888087171864;Il corpo delle donne;2010;N/D;psicologia e pedagogia;N/D;Zanardo;Feltrinelli;N/D;italiano;1;N/d;3;2
8808099164;Itenerari pedagogici;1993;N/D;psicologia e pedagogia;N/D;Tassi;Zanichelli;N/D;italiano;1;€ 18,59;3;2
N/D;Le nozioni di movimento e velocità nel bambino;1975;N/D;psicologia e pedagogia;saggio;Piaget;Newton Compton Editori;N/D;italiano;1;2000 lire;3;2
N/D;Logica e psicologia;1969;1971;psicologia e pedagogia;saggio;Piaget;La nuova Italia editrice;Biblioteca di cultura;italiano;1;1000 lire;3;2
N/D;Il linguaggio scientifico tra scienza e didattica;1982;N/D;psicologia e pedagogia;saggio;Milani,Comparetti,Mattei;La scuola;N/D;italiano;1;6000 lire;3;2
8806179802;Credere e curare ;2005;N/D;psicologia e pedagogia;saggio;Marino;Einaudi;N/D;italiano;1;€ 8,00;3;2
N/D;Psicologia;1965;N/D;psicologia e pedagogia;saggio;Marzi;Sansoni;N/D;italiano;1;1000 lire;3;2
N/D;Scuola in carcere;1974;N/D;psicologia e pedagogia;saggio;Malvezzi;Feltrinelli;N/D;italiano;1;1400 lire;3;2
N/D;Censimento del patrimonio vegetale del Lazio;1966;N/D;Aprilia;saggio;aavv;Tipar Poligrafica editrice;ambienti di particolare interesse naturalistico del Lazio;italiano;1;N/D;3;4
N/D;Signora maestra;N/D;N/D;Aprilia;Rivista;Marchini ;Comune di Aprilia;N/D;italiano;3;N/D;3;4
N/D;Conferenza “donne e resistenza”;2016;N/D;Aprilia;Rivista;Romoli;N/D;N/D;italiano;10;N/D;3;4
N/D;Statistiche sociali;1988;N/D;Aprilia;saggio;aavv;Edizioni comunità;Aprilia il borgo e la città;italiano;1;N/D;3;4
N/D;Le opinioni e i comportamenti religiosi;1991;N/D;Aprilia;saggio;aavv;Edizioni comunità;Aprilia il borgo e la città;italiano;1;N/D;3;4
8890176717;Dizionario corese - italiano;2006;N/D;Aprilia;Dizionario;Vitelli;Moderata Durant;N/D;italiano;1;€ 30,00;3;4
9788889672501;Agente speciale - eroe senza medaglia;2007;N/D;Aprilia;saggio;Lisetti;Herald editore;N/D;italiano;1;€ 15,00;3;4
N/D;Gli anni della ricostruzioone nel Sud pontino;2004;N/D;Aprilia;saggio;Casale;Elsa di Mambro editore;N/D;italiano;1;€ 10,00;3;4
8860600421;I butteri di Cisterna e dell'agro pontino;2006;N/D;Aprilia;saggio;Nasi;Palombi editori;N/D;italiano;1;€ 12,00;3;4
N/D;Il colonnello Michele Pezza(frà diavolo);2005;N/D;Aprilia;N/D;Pecchia;Arti grafiche Kolbe - Fondi;N/D;italiano;1;N/D;3;4
88896721100;Taccuino di guerra;2005;N/D;Aprilia;saggio;Ruggiero;Herald editore;N/D;italiano;1;€ 10,00;3;4
N/D;Il “Santo” dal cappello piumato;N/D;N/D;Aprilia;N/D;Lisetti;N/D;Frammenti ;italiano;1;N/D;3;4
N/D;Nel nome della libertà;2007;N/D;Aprilia;saggio;Roccia;Edi.Pa.R.;N/D;italiano;1;N/D;3;4
N/D;Diario di guerra;2011;N/D;Aprilia;Diario;Ridolfi;Comune di Aprilia;N/D;italiano;7;N/D;3;4
N/D;Linguaggio e sistemi formali;1974;N/D;Critica letteraria;saggio;De Palma;Einaudi;Einaudi Paperbacks;italiano;1;4800 lire;3;3
N/D;La considerazione funzionale del linguaggio;1965;N/D;Critica letteraria;saggio;Martinet;Il mulino ;N/D;italiano;1;2000 lire;3;3
N/D;Storia della tradizione e critica del testo;1952;N/D;Critica letteraria;saggio;Pasquali;Mondadori;N/D;italiano;1;18000 lire;3;3
N/D;Saggi critici;1961;N/D;Critica letteraria;saggio;Migliore;Editrice M.Ciranna;N/D;italiano;1;5000 lire;3;3
N/D;Nella Terra dell'airone;2015;N/D;Aprilia;saggio;Perotto;Tipografia Di Lelio;N/D;italiano;3;N/D;3;4
9788875380443;Menotti Garibaldi;2015;N/D;Aprilia;N/D;Formato;Paolo Sorba editore;N/D;italiano;2;€ 18,00;3;4
N/D;La costituzione italiana ;2011;N/D;Aprilia;Rivista;aavv;Avis comunale di Aprilia;N/D;italiano;1;N/D;3;4
N/D;Aprilia raccontami 2;2015/16;N/D;Aprilia;Rivista;aavv;Comune di Aprilia;N/D;italiano;2;N/D;3;4
N/D;Museo della città e del territorio;N/D;N/D;Aprilia;Rivista;aavv;Comune di Cori;N/D;italiano;1;N/D;3;4
N/D;I militari italiani internati nei lager nazisti;1977;N/D;Aprilia;N/D;Piasenti;A.N.E.I.;N/D;italiano;1;N/D;3;4
N/D;30 domande per capire la città;2010;N/D;Aprilia;N/D;aavv;Coordinamento delle libere professioni di Aprilia;N/D;italiano;3;N/D;3;4
N/D;La cooperazione in provincia di Latina;2001;N/D;Aprilia;N/D;aavv;Edizioni Horus;N/D;italiano;1;N/D;3;4
N/D;Il ripostiglio di Poggio Berni;1985;N/D;Aprilia;N/D;aavv;Paleani editrice;N/D;italiano;1;N/D;3;4
N/D;Covignano;1985;N/D;Aprilia;N/D;aavv;Paleani editrice;N/D;italiano;1;N/D;3;4
8871400054;Terracina - Il museo e le collezioni;1989;N/D;Aprilia;N/D;Coppola,Broccoli;Casa editrice Quasar;N/D;italiano;1;N/D;3;4
N/D;La battaglia di Aprilia;N/D;N/D;Aprilia;N/D;Bianchi;Associazione culturale Sarasota;N/D;italiano;1;N/D;3;4
N/D;Manuale di politica economica;1970;1975;Critica letteraria;saggio;Forte;Einaudi;N/D;italiano;1;10000 lire;3;3
8873800440;Il romanzo sperimentale;1980;N/D;Critica letteraria;Romanzo;Zola;Pratiche editrice;N/D;italiano;1;35000 lire;3;3
887380070;Il difetto della lingua;1988;N/D;Critica letteraria;saggio;Mannoni;Pratiche editrice;N/D;italiano;1;15000 lire;3;3
N/D;Introduzione alla semiologia;1973;1976;Critica letteraria;saggio;Martinet;Newton Compton Editori;N/D;italiano;1;1800 lire;3;3
N/D;I materiali linguistici nella didattica delle lingue;1978;N/D;Critica letteraria;saggio;D'addio Colosimo;Zanichelli;N/D;italiano;1;14000 lire;3;3
N/D;La semantica. Introduzione alla scienza del significato;1962;N/D;Critica letteraria;saggio;Ullmann;Il mulino ;N/D;italiano;1;6000 lire;3;3
N/D;Lineamenti di semiologia;1966;N/D;Critica letteraria;saggio;Prieto;Editori Laterza;N/D;italiano;1;3000 lire;3;3
N/D;manuale di politica economica III;1975;N/D;Politica;saggio;Forte Francesco;einaudi;piccola biblioteca einaudi;italiano;2;10000 lire;3;6
N/D;manuale di politica economica IV;1975;N/D;Politica;saggio;Forte Francesco;einaudi;piccola biblioteca einaudi;italiano;1;10000 lire;3;6
N/D;il crack del '79;1976;N/D;Politica;romanzo;Erdman;rizzoli;N/D;italiano;1;4500 lire;3;6
N/D;il sistema politico;1963;N/D;Politica;saggio;Easton David;edizioni di comunità;biblioteca di studi politici;italiano;1;N/D;3;6
N/D;scienza e governo;1976;N/D;Politica;saggio;Snow ;einaudi;nuovo politecnico;italiano;1;2000 lire;3;6
N/D;problemi di politica delle scienze;1975;N/D;Politica;saggio;Silvestri Mario;editori meridionali riuniti;consiglio nazionale delle ricerche;italiano;1;3800 lire;3;6
N/D;democrazia e definizioni;1957;N/D;Politica;saggio;Sartori Gfiovanni;il mulino;N/D;italiano;1;5000 lire;3;6
883042020;il rischio americano;2003;N/D;Politica;saggio;Romano Sergio;longanesi & c.;il cammeo;italiano;1;N/D;3;6
N/D;l'impero IBM;1971;N/D;Politica;saggio;rodgers william;mondadori;le scie;italiano;1;N/D;3;6
N/D;socialismo liberale;2010;N/D;Politica;saggio;rosselli carlo;einaudi;i classici del pensiero libero;italiano;1;N/D;3;6
N/D;berlinguer e il divo giulio;1975;N/D;Politica;romanzo;corti ilio;edizioni virgilio;N/D;italiano;1;N/D;3;6
N/D;giano: le due facce dell'occidente;1973;N/D;Politica;saggio;duverger maurice;edizioni di comunità;sagg di cultura contemporanea;italiano;1;3500 lire;3;6
8842450065;dizionario del cittadino europeo;2002;N/D;Politica;dizionario;aa vv;mondadori;N/D;italiano;1;€ 4,30;3;6
8813162839;ambiente e sua protezione II;1988;N/D;Politica;saggio;caccin riccardo;cedam;urbanistica opere pubbliche espropriazioni;italiano;1;48000 lire;3;6
8804313625;si fa presto a dire america ;1988;N/D;Politica;saggio;zucconi vittori;mondadori;frecce;italiano;1;24000 lire;3;6
N/D;il contrario della morte;2007;N/D;Politica;saggio;saviano roberto;rizzoli;corti di carta;italiano;1;€ 2,30;3;6
N/D;Per il bene della causa ;1971;N/D;Politica;saggio;Solzenitsyn;Mondatori;N/D;italiano;1;N/D;3;6
N/D;L'Economia italiana nell'integrazione internazionale ;1974;N/D;Politica;saggio;aa.vv;Edizioni di comunità;Studio e ricerche di scienze sociali;italiano;1;6000 lire;3;6
N/D;Il pensiero politico;1977;N/D;Politica;Rivista;aa.vv;Leo S.Olschki;Rivista di storia delle idee politiche e sociali;italiano;1;12000 lire;3;6
N/D;L'Italia con l'ONU contro la fame nel mondo ;2006;N/D;Politica;saggio;aa.vv;Il ministero degli affari interni ;N/D;italiano;1;N/D;3;6
9788820046712;I nostri soldi;2009;N/D;Attualità;saggio;Vita Sandro ;Sperling & kupfer;N/D;italiano;1;€ 18,00;3;1
9788820055868;C'è anche domani;2014;N/D;Politica;saggio;Doris;Sperling & Kupfer ;N/D;italiano;1;€ 16,90;3;6
N/D;Geopolitica è leggere il mondo per disegnare scenari futuri;2006;N/D;Politica;saggio;Corneli;Fondazione Achille e Giulia Boroli;N/D;italiano;1;N/D;3;6
N/D;Non lasciamoci rubare il futuro;2006;N/D;Politica;N/D;Ciotti;Società editrice internazionale Torino;N/D;italiano;1;N/D;3;6
N/D;Le idee al potere ;1980;N/D;Politica;saggio;Berta;Edizioni di comunità;Studi e ricerche di scienze sociali;italiano;1;10000 lire;3;6
8804556595;Venerati maestri;2006;N/D;Politica;saggio;Berselli;Mondadori;N/D;italiano;1;N/D;3;6
N/D;Prima le donne e i bambini;1980;N/D;Politica;saggio;Belotti;Rizzoli;N/D;italiano;1;6000 lire;3;6
N/D;Giuseppe Dossetti e la politica estera italiana 1945 - 1951;2005;N/D;Politica;saggio;Giorgi;Scriptorium;N/D;italiano;1;€ 22,00;3;6
N/D;Trattato di economia politica;1975;1976;Politica;saggio;He;Mazzotta editore;N/D;italiano;1;2500 lire;3;6
N/D;Ordinamento politico e mutamento sociale;1975;N/D;Politica;saggio;Huntington;Franco Angeli editore;Collana di scienza politica  e relazioni internazionali;italiano;1;12000 lire;3;6
N/D;Politica come Utopia;1973;N/D;Politica;saggio;La Malfa;Edizioni di comunità;N/D;italiano;1;2000 lire;3;6
9788890405;Piccolo diario di un Family Banker;2009;N/D;Politica;saggio;Malvestio;Inveneto;N/D;italiano;1;€ 10,00;3;6
N/D;La teoria dell'informazione;1983;N/D;Politica;saggio;Pierce;Biblioteca della EST;N/D;italiano;1;30000 lire;3;6
N/D;La società civile;1979;N/D;Politica;saggio;Piscopo,D'Elia;Ferraro;N/D;italiano;1;6500 lire;3;6
888604237X;Poeti africani anti - apartheid;2002;2004;Politica;N/D;aavv;Edizioni dell'arco;N/D;italiano;1;€ 6,90;3;6
N/D;Un anno di attività contro la discriminazione razziale;2008;N/D;Politica;Rapporto;aavv;UNAR;N/D;italiano;1;N/D;3;6
N/D;Il quaderno della Costituzione;N/D;N/D;Politica;N/D;aavv;osservatorio permanente;N/D;italiano;1;N/D;3;6
N/D;La rivista;2008;N/D;Politica;Rivista;aavv;N/D;N/D;italiano;1;N/D;3;6
N/D;Guida dell'utente;2005;N/D;Politica;Guida;aavv;Commissione Europea;N/D;italiano;1;N/D;3;6
N/D;Statuto dei diritti dei lavoratori;1978;N/D;Politica;N/D;aavv;Buffetti editore;Collezione normativa;italiano;1;2500 lire;3;6
9788876706516;Libera formazione;2007;N/D;Politica;N/D;aavv;EGA editore;N/D;italiano;1;€ 8,00;3;6
N/D;Carta dei diritti fondamentali dell'Unione Europea;N/D;N/D;Politica;N/D;aavv;Istituto poligrafico e zecca dello Stato;N/D;italiano;1;N/D;3;6
N/D;;N/D;N/D;N/D;N/D;aavv;N/D;N/D;;1;€ 17,50;3;6
8888249117;Scienza e società ;2006;N/D;Politica;saggio;Alferov;Sandro Teti editore;N/D;italiano;1;N/D;3;6
N/D;;N/D;N/D;N/D;N/D;aavv;N/D;N/D;;;N/D;3;
N/D;Che cos'è la psicologia;1982;N/D;psicologia e pedagogia;saggio;Daco;Rizzoli;N/D;italiano;1;5000 lire;3;2
N/D;Cos'è la psicologia;1989;N/D;psicologia e pedagogia;saggio;Piaget;Newton ;N/D;italiano;1;3900 lire;3;2
8806126717;la chiesa cattolica e la secolarizzazione;1993;N/D;storia e filosofia;saggio;menozzi daniele;einaudi;piccola biblioteca einaudi;italiano;1;24000 lire;3;8
N/D;la formazione dello stato odierno;1982;N/D;storia e filosofia;saggio;caracciolo alberto;zanichelli;letture storiche;italiano;1;5000 lire;3;8
N/D;utopia e riforma dell'illuminismo;1970;N/D;storia e filosofia;saggio;venturi franco;einaudi;piccola biblioteca einaudi;italiano;1;2000 lire;3;8
8806129503;la civiltà azteca;1992;N/D;storia e filosofia;saggio;vaillant george;einaudi;einaudi tascabili;italiano;1;14000 lire;3;8
8828601612;vita nel medioevo;2001;N/D;storia e filosofia;saggio;power;einaud scuola;i linri da leggere;italiano;1;20200 lire;3;8
8835060060;la psicoanalisi;1976;N/D;psicologia e pedagogia;saggio;ancona leonardo;la scuola;N/D;italiano;1;25000 lire;3;8
8842070300;martin lutero;2003;N/D;storia e filosofia;saggio;febvre;laterza;economica laterza;italiano;1; € 8,00 ;3;8
N/D;l'invincibile armada;1984;N/D;storia e filosofia;saggio;howarth;mondadori;le scie;italiano;1;N/D;3;8
8806130749;parigi, il mito di una capitale;1991;N/D;storia e filosofia;saggio;bergeron;einaudi;piccola biblioteca einaudi;italiano;1;14000 lire;3;8
N/D;proletari senza rivoluzione IV;1975;N/D;storia e filosofia;saggio;del carria renzo;savelli;cultura politica;italiano;1;3000 lire;3;8
N/D;l'evoluzione economica del mondo occidentale;1976;N/D;storia e filosofia;saggio;north douglass, thomas robert paul;mondadori;oscar studio;italiano;1;14000 lire;3;8
N/D;il sud nella storia d'italia II;1975;N/D;storia e filosofia;saggio;villari rosario;laterza;universale laterza;italiano;1;5000 lire;3;8
880435271x;la straordinaria storia della vita sulla Terra;1992;N/D;storia e filosofia;saggio;angela piero, alberto;mondadori;N/D;italiano;1;N/D;3;8
N/D;la fabbrica del consenso;1975;N/D;storia e filosofia;saggio;cannistraro;laterza;tempi nuovi laterza;italiano;1;3700 lire;3;8
8806130390;chiesa e nazismo;1993;N/D;storia e filosofia;saggio;klee ernest;einaudi;einaudi contemporamea;italiano;1;18000 lire;3;8
8800453929;filosofia II;1992;N/D;storia e filosofia;raccolta;moravia sergio;lemonnier;N/D;italiano;1;23,10 euro;3;8
8809500164;la riforma della scuola nell'unione sovietica;1987;N/D;storia e filosofia;saggio;de lucia michele;giunti & lisciani;educazione nuova;italiano;1;10000 lire;3;8
N/D;la politica economica e finanziaria;1982;N/D;attualità;saggio;pellingra giuseppe;multigrafica editrice;N/D;italiano;1;9000 lire;3;1
N/D;breve storia degli stati uniti;1965;N/D;storia e filosofia;saggio;aa vv;united states information service;N/D;italiano;1;N/D;3;8
N/D;carlo afan de rivera e il corpo dei ponti e strade;1993;N/D;storia e filosofia;saggio;di biasio aldo;amministrazione provincia latina;N/D;italiano;1;N/D;3;8
N/D;il tempo di giulio cesare;1967;N/D;storia e filosofia;saggio;plutarco;de agostini;i classici di tutti i paesi;italiano;1;2800 lire;3;8
N/D;5 anni di storia italiana ;1964;N/D;storia e filosofia;saggio;ceva bianca;edizioni di comunità;saggi di cultura contemporanea;italiano;1;2000 lire;3;8
N/D;la mia vita per la libertà;1988;N/D;storia e filosofia;autobiografia;gandhi;newton;grandi tascabili economici ;italiano;1;3900 lire;3;8
N/D;uscireo dal tunnel?;1975;N/D;attualità;saggio;amato angelo;edizioni parallelo 38;N/D;italiano;1;2500 lire;3;1
N/D;giolitti e i cattolici;1974;N/D;storia e filosofia;saggio;spadolini giovanni;mondadori;oscar studio;italiano;1;2400 lire;3;8
8806127594;gli slavi;1991;N/D;storia e filosofia;saggio;conte francis;einaudi;einaudi tascabili;italiano;1;17500 lire;3;8
N/D;la stregoneria;1984;N/D;storia e filosofia;saggio;abbiati. Agnoletto, lazzati;mondadori;studio;italiano;1;15000 lire;3;8
N/D;le origini del fascismo;1982;N/D;storia e filosofia;saggio;bartolotti mirella;zanichelli;letture storiche;italiano;1;5000 lire;3;8
N/D;roma e l'eredità di alessandro;1971;N/D;storia e filosofia;saggio;lanza michele;edizoni di comunità;saggi di cultura contemporanea;italiano;1;3000 lire;3;8
N/D;da monaco a norimberga;1965;N/D;storia e filosofia;saggio;tranfaglia nicola;edizioni di comunità;universale contemporanea;italiano;1;1300 lire;3;8
N/D;intervista sul fascismo;1975;N/D;storia e filosofia;saggio;de felice;laterza;saggi tascabili laterza;italiano;1;2000 lire;3;8
N/D;fine del popolo ebraico? ;1968;N/D;storia e filosofia;saggio;friedmann georges;edizioni di comunuità;sagg di cultura contemporanea;italiano;1;2600 lire;3;8
N/D;guerra e rivoluzione;1973;N/D;storia e filosofia;saggio;trotskij lev;mondadori;oscar;italiano;1;900 lire;3;8
8876922709;discorso sul metodo;1991;N/D;storia e filosofia;saggio;cartesio;edizioni studio tesi;N/D;italiano;1;15000 lire;3;8
N/D;israele tra le nazuioni;1973;N/D;storia e filosofia;saggio;talmon;edizioni di comunità;saggi di cultura contemporanea;italiano;1;3000 lire;3;8
8826302286;la crisi dei fondamenti;1984;N/D;storia e filosofia;saggio;todisco orlando;borla;N/D;italiano;1;20000 lire;3;8
N/D;la rivoluzione francese;1982;N/D;storia e filosofia;saggio;guerci luciano;zanichelli;letture storiche;italiano;1;4000 lire;3;8
8800330533;diecimila anni fa;1983;N/D;storia e filosofia;saggio;zeldi aldo;lemonierr;salani narrativa;italiano;1;5500 lire;3;8
N/D;la socialdemocrazia tedesca;1970;N/D;storia e filosofia;saggio;russel bertrand;newton;paperbacks saggi;italiano;1;1000 lire;3;8
N/D;illuminismo e riforme;1976;N/D;storia e filosofia;saggio;scalia gianni;zanichelli;letture storiche;italiano;1;2200 lire;3;8
N/D;ho sconfitto hitler;2011;N/D;storia e filosofia;raccolta di memorie;salmoni rubino romeo;provincia di roma;N/D;italiano;1;N/D;3;8
N/D;nettuno, nell'inferno dello sbarco;2014;N/D;storia e filosofia;storia fotografica fumetti;casaldi silvano;N/D;N/D;italiano;1;N/D;3;8
9788890893010;Cori la città come museo;2013;N/D;territorio;rivista;Domenico Palombi;teameia Cultura;N/D;italiano;1;N/D;3;7
N/D;Basilicata itenerari nei Paesaggi d'autore;2013;N/D;territorio;Rivista;maria padula;collezione leone;basilicata in tasca -guida turistica;italiano;1;N/D;3;7
N/D;Giovanni Falcone e Paolo Borsellino le Loro idee...;2012;N/D;territorio;saggio ;Associazione Cornelia;POLIGRAF SRL;COMUNE DI APRILIA;italiano;4;N/D;3;7
N/D;Frammenti di Aprilia sparita quando io;2013;N/D;territorio;saggio;Pietro Nencini ;Tipografia Di Lelio;N/D;italiano;1;N/D;3;7
8889444002;Guida ai sienteri del Parco Regionale dei Monti Simbruini;2004;N/D;territorio;saggio ;Beatrice Sanfilippo;Tipografia Fabreschi;N/D;italiano;1;N/D;3;7
N/D;Monti Simbruini ;2003;N/D;territorio;saggio;Fabrizio Lollobrigida;Tipografia Fabreschi;N/D;italiano;1;N/D;3;7
N/D;Storia Di una grande scoperta archeologica.;2008;N/D;territorio;saggio;Piergiacomo Sottoriva;Graficart;N/D;italiano;2;N/D;3;7
8870970124;La religione Museo della civiltà romana.;1990;N/D;territorio;saggio;Paola Chini; Edizioni Quasar;N/D;italiano;1;N/D;3;7
9788889672327;L'Aquila disubbidiente - storia di Alfredo Fusco;2006;N/D;territorio;raccolta;Anna Fusco di Ravello;Herald editore;N/D;italiano;1;N/D;3;7
N/D;Formia;2006;N/D;territorio;raccolta;G. De Filippis - S. Ciccone;G. De Filippis;N/D;italiano;1;N/D;3;7
N/D;Personaggi illustri e sconosciuti della storia di Priverno;2005;N/D;territorio;saggio;Edomndo Angelini;Grafica Bianconi;N/D;italiano;1;N/D;3;7
N/D;Architettura - Città Pontine;2006;N/D;territorio;raccolta;N/D;polis Expresse;N/D;italiano;1;N/D;3;7
N/D;Il Fronte a Cisterna;2013;N/D;territorio;raccolta di memorie;Stefano Solferini;Tipografia Litografia Monti;N/D;italiano;2;N/D;3;7
N/D;L'ora della scelta;1961;N/D;psicologia e pedagogia;saggio;Kissinger;Edizioni di comunità;Saggi di cultura contemporanea;italiano;1;3000 lire;3;2
N/D;La mente umana;1971;N/D;psicologia e pedagogia;N/D;Goldenson;Zanichelli;N/D;italiano;1;2000 lire;3;2
9788817051699;Dalla parte giusta;2011;N/D;psicologia e pedagogia;saggio;Hessel;Bur Rizzoli;N/D;italiano;1;€ 15,00;3;2
8806125656;La morte della famiglia;1971;N/D;psicologia e pedagogia;N/D;Cooper;Einaudi;N/D;italiano;1;18000 lire;3;2
8824452280;Psicologia dello sviluppo ed educazione;1999;N/D;psicologia e pedagogia;saggio;Coppola;Edizioni Simone;N/D;italiano;1;€ 12,91;3;2
8806123130;Anatomia dell'amore;1992;N/D;psicologia e pedagogia;N/D;Bergmann;Einaudi;N/D;italiano;1;26000 lire;3;2
N/D;Le vestali della classe media;1969;N/D;psicologia e pedagogia;N/D;Barbagli,Dei;Società editrice Il Mulino Bologna;N/D;italiano;1;5000 lire;3;2
N/D;Attività e tecniche educative nel tempo pieno;1978;N/D;psicologia e pedagogia;saggio;Migliotti;Società editrice internazionale;Collana di orientamenti pedagogici;italiano;1;8500 lire;3;2
9788811740803;Meritocrazia;2008;N/D;psicologia e pedagogia;N/D;Abravanel;Garzanti;N/D;italiano;1;€ 16,50;3;2
8808099164;Itenerari pedagogici;1993;N/D;psicologia e pedagogia;N/D;Tassi;Zanichelli;N/D;italiano;1;€ 18,59;3;2
N/D;Le nozioni di movimento e velocità nel bambino;1975;N/D;psicologia e pedagogia;saggio;Piaget;Newton Compton Editori;N/D;italiano;1;2000 lire;3;2
N/D;Logica e psicologia;1969;1971;psicologia e pedagogia;saggio;Piaget;La nuova Italia editrice;Biblioteca di cultura;italiano;1;1000 lire;3;2
N/D;Il linguaggio scientifico tra scienza e didattica;1982;N/D;psicologia e pedagogia;saggio;Milani,Comparetti,Mattei;La scuola;N/D;italiano;1;6000 lire;3;2
8806179802;Credere e curare ;2005;N/D;psicologia e pedagogia;saggio;Marino;Einaudi;N/D;italiano;1;€ 8,00;3;2
N/D;Psicologia;1965;N/D;psicologia e pedagogia;saggio;Marzi;Sansoni;N/D;italiano;1;1000 lire;3;2
N/D;Scuola in carcere;1974;N/D;psicologia e pedagogia;saggio;Malvezzi;Feltrinelli;N/D;italiano;1;1400 lire;3;2
N/D;Che cos'è la psicologia;1982;N/D;psicologia e pedagogia;saggio;Daco;Rizzoli;N/D;italiano;1;5000 lire;3;2
N/D;Cos'è la psicologia;1989;N/D;psicologia e pedagogia;saggio;Piaget;Newton ;N/D;italiano;1;3900 lire;3;2
N/D;Censimento del patrimonio vegetale del Lazio;1966;N/D;Aprilia;saggio;aavv;Tipar Poligrafica editrice;ambienti di particolare interesse naturalistico del Lazio;italiano;1;N/D;3;4
N/D;Signora maestra;N/D;N/D;Aprilia;Rivista;Marchini ;Comune di Aprilia;N/D;italiano;3;N/D;3;4
N/D;Conferenza “donne e resistenza”;2016;N/D;Aprilia;Rivista;Romoli;N/D;N/D;italiano;10;N/D;3;4
N/D;Statistiche sociali;1988;N/D;Aprilia;saggio;aavv;Edizioni comunità;Aprilia il borgo e la città;italiano;1;N/D;3;4
N/D;Le opinioni e i comportamenti religiosi;1991;N/D;Aprilia;saggio;aavv;Edizioni comunità;Aprilia il borgo e la città;italiano;1;N/D;3;4
8890176717;Dizionario corese - italiano;2006;N/D;Aprilia;Dizionario;Vitelli;Moderata Durant;N/D;italiano;1;€ 30,00;3;4
9788889672501;Agente speciale - eroe senza medaglia;2007;N/D;Aprilia;saggio;Lisetti;Herald editore;N/D;italiano;1;€ 15,00;3;4
N/D;Gli anni della ricostruzioone nel Sud pontino;2004;N/D;Aprilia;saggio;Casale;Elsa di Mambro editore;N/D;italiano;1;€ 10,00;3;4
8860600421;I butteri di Cisterna e dell'agro pontino;2006;N/D;Aprilia;saggio;Nasi;Palombi editori;N/D;italiano;1;€ 12,00;3;4
N/D;Il colonnello Michele Pezza(frà diavolo);2005;N/D;Aprilia;N/D;Pecchia;Arti grafiche Kolbe - Fondi;N/D;italiano;1;N/D;3;4
88896721100;Taccuino di guerra;2005;N/D;Aprilia;saggio;Ruggiero;Herald editore;N/D;italiano;1;€ 10,00;3;4
N/D;Il “Santo” dal cappello piumato;N/D;N/D;Aprilia;N/D;Lisetti;N/D;Frammenti ;italiano;1;N/D;3;4
N/D;Nel nome della libertà;2007;N/D;Aprilia;saggio;Roccia;Edi.Pa.R.;N/D;italiano;1;N/D;3;4
N/D;Diario di guerra;2011;N/D;Aprilia;Diario;Ridolfi;Comune di Aprilia;N/D;italiano;3;N/D;3;4
N/D;Linguaggio e sistemi formali;1974;N/D;Critica letteraria;saggio;De Palma;Einaudi;Einaudi Paperbacks;italiano;1;4800 lire;3;3
N/D;La considerazione funzionale del linguaggio;1965;N/D;Critica letteraria;saggio;Martinet;Il mulino ;N/D;italiano;1;2000 lire;3;3
N/D;Storia della tradizione e critica del testo;1952;N/D;Critica letteraria;saggio;Pasquali;Mondadori;N/D;italiano;1;18000 lire;3;3
N/D;Saggi critici;1961;N/D;Critica letteraria;saggio;Migliore;Editrice M.Ciranna;N/D;italiano;1;5000 lire;3;3
N/D;Nella Terra dell'airone;2015;N/D;Aprilia;saggio;Perotto;Tipografia Di Lelio;N/D;italiano;3;N/D;3;4
9788875380443;Menotti Garibaldi;2015;N/D;Aprilia;N/D;Formato;Paolo Sorba editore;N/D;italiano;2;€ 18,00;3;4
N/D;La costituzione italiana ;2011;N/D;Aprilia;Rivista;aavv;Avis comunale di Aprilia;N/D;italiano;1;N/D;3;4
N/D;Aprilia raccontami 2;2015/16;N/D;Aprilia;Rivista;aavv;Comune di Aprilia;N/D;italiano;2;N/D;3;4
N/D;Museo della città e del territorio;N/D;N/D;Aprilia;Rivista;aavv;Comune di Cori;N/D;italiano;1;N/D;3;4
N/D;I militari italiani internati nei lager nazisti;1977;N/D;Aprilia;N/D;Piasenti;A.N.E.I.;N/D;italiano;1;N/D;3;4
N/D;30 domande per capire la città;2010;N/D;Aprilia;N/D;aavv;Coordinamento delle libere professioni di Aprilia;N/D;italiano;3;N/D;3;4
N/D;La cooperazione in provincia di Latina;2001;N/D;Aprilia;N/D;aavv;Edizioni Horus;N/D;italiano;2;N/D;3;4
N/D;Il ripostiglio di Poggio Berni;1985;N/D;Aprilia;N/D;aavv;Paleani editrice;N/D;italiano;1;N/D;3;4
N/D;Covignano;1985;N/D;Aprilia;N/D;aavv;Paleani editrice;N/D;italiano;1;N/D;3;4
8871400054;Terracina - Il museo e le collezioni;1989;N/D;Aprilia;N/D;Coppola,Broccoli;Casa editrice Quasar;N/D;italiano;1;N/D;3;4
N/D;La battaglia di Aprilia;N/D;N/D;Aprilia;N/D;Bianchi;Associazione culturale Sarasota;N/D;italiano;1;N/D;3;4
N/D;Manuale di politica economica;1970;1975;Critica letteraria;saggio;Forte;Einaudi;N/D;italiano;1;10000 lire;3;3
8873800440;Il romanzo sperimentale;1980;N/D;Critica letteraria;Romanzo;Zola;Pratiche editrice;N/D;italiano;1;35000 lire;3;3
887380070;Il difetto della lingua;1988;N/D;Critica letteraria;saggio;Mannoni;Pratiche editrice;N/D;italiano;1;15000 lire;3;3
N/D;Introduzione alla semiologia;1973;1976;Critica letteraria;saggio;Martinet;Newton Compton Editori;N/D;italiano;1;1800 lire;3;3
N/D;I materiali linguistici nella didattica delle lingue;1978;N/D;Critica letteraria;saggio;D'addio Colosimo;Zanichelli;N/D;italiano;1;14000 lire;3;3
N/D;La semantica. Introduzione alla scienza del significato;1962;N/D;Critica letteraria;saggio;Ullmann;Il mulino ;N/D;italiano;1;6000 lire;3;3
N/D;Lineamenti di semiologia;1966;N/D;Critica letteraria;saggio;Prieto;Editori Laterza;N/D;italiano;1;3000 lire;3;3
9788820055868;C'è anche domani;2014;N/D;Politica;saggio;Doris;Sperling, Kupfer ;N/D;italiano;1;€ 16,90;3;6
N/D;Geopolitica è leggere il mondo per disegnare scenari futuri;2006;N/D;Politica;saggio;Corneli;Fondazione Achille e Giulia Boroli;N/D;italiano;1;N/D;3;6
N/D;Non lasciamoci rubare il futuro;2006;N/D;Politica;N/D;Ciotti;Società editrice internazionale Torino;N/D;italiano;1;N/D;3;6
N/D;Le idee al potere ;1980;N/D;Politica;saggio;Berta;Edizioni di comunità;Studi e ricerche di scienze sociali;italiano;1;10000 lire;3;6
8804556595;Venerati maestri;2006;N/D;Politica;saggio;Berselli;Mondadori;N/D;italiano;1;N/D;3;6
N/D;Prima le donne e i bambini;1980;N/D;Politica;saggio;Belotti;Rizzoli;N/D;italiano;1;6000 lire;3;6
9788863940510;Il nuovo fiore;2013;N/D;Politica;saggio;Giovannelli;Maschietto editore;N/D;italiano;1;N/D;3;6
N/D;Giuseppe Dossetti e la politica estera italiana 1945 - 1951;2005;N/D;Politica;saggio;Giorgi;Scriptorium;N/D;italiano;1;€ 22,00;3;6
N/D;Trattato di economia politica;1975;1976;Politica;saggio;He;Mazzotta editore;N/D;italiano;1;2500 lire;3;6
N/D;Ordinamento politico e mutamento sociale;1975;N/D;Politica;saggio;Huntington;Franco Angeli editore;Collana di scienza politica  e relazioni internazionali;italiano;1;12000 lire;3;6
N/D;Politica come Utopia;1973;N/D;Politica;saggio;La Malfa;Edizioni di comunità;N/D;italiano;1;2000 lire;3;6
9788890405;Piccolo diario di un Family Banker;2009;N/D;Politica;saggio;Malvestio;Inveneto;N/D;italiano;1;€ 10,00;3;6
N/D;La teoria dell'informazione;1983;N/D;Politica;saggio;Pierce;Biblioteca della EST;N/D;italiano;1;30000 lire;3;6
N/D;La società civile;1979;N/D;Politica;saggio;Piscopo,D'Elia;Ferraro;N/D;italiano;1;6500 lire;3;6
888604237X;Poeti africani anti - apartheid;2002;2004;Politica;N/D;aavv;Edizioni dell'arco;N/D;italiano;1;€ 6,90;3;6
N/D;Un anno di attività contro la discriminazione razziale;2008;N/D;Politica;Rapporto;aavv;UNAR;N/D;italiano;1;N/D;3;6
N/D;Il quaderno della Costituzione;N/D;N/D;Politica;N/D;aavv;osservatorio permanente;N/D;italiano;1;N/D;3;6
N/D;La rivista;2008;N/D;Politica;Rivista;aavv;N/D;N/D;italiano;1;N/D;3;6
N/D;Giuda dell'utente;2005;N/D;Politica;Guida;aavv;Commissione Europea;N/D;italiano;1;N/D;3;6
N/D;Statuto dei diritti dei lavoratori;1978;N/D;Politica;N/D;aavv;Buffetti editore;Collezione normativa;italiano;1;2500 lire;3;6
9788876706516;Libera formazione;2007;N/D;Politica;N/D;aavv;EGA editore;N/D;italiano;1;€ 8,00;3;6
N/D;Carta dei diritti fondamentali dell'Unione Europea;N/D;N/D;Politica;N/D;aavv;Istituto poligrafico e zecca dello Stato;N/D;italiano;1;N/D;3;6
9788817047487;Il denaro in testa;2011;N/D;Politica;saggio;Andreoli;Rizzoli;N/D;italiano;1;€ 17,50;3;6
8888249117;Scienza e società ;2006;N/D;Politica;saggio;Alferov;Sandro Teti editore;N/D;italiano;1;N/D;3;6
9788849218916;Luigi Moretti e i progetti per Galloro;2010;N/D;Territorio;saggio;De Angelis;Gangemi editore;N/D;italiano;1;N/D;3;7
N/D;Formia;2005;N/D;Territorio;N/D;De Filippis, Ciccone;Giuseppe De Filippis;N/D;italiano;1;N/D;3;7
N/D;Città pontine;2006;N/D;Territorio;saggio;aavv;Provincia di Latina;N/D;italiano;1;N/D;3;7
N/D;Personaggi illustri e sconosciuti della storia di Priverno;2005;N/D;Territorio;saggio;Angelini;Tipografia grafica Bianconi;N/D;italiano;1;N/D;3;7
N/D;La cittadella risorta;2006;N/D;Territorio;N/D;Lisetti;Biblioteca comunale di Campodimele;N/D;italiano;1;€ 20,00;3;7
N/D;Il parco della pace;2009;N/D;Territorio;N/D;De Conciliis;Consiglio regionale del Lazio;N/D;italiano;1;N/D;3;7
N/D;Terracina  ;2006;N/D;Territorio;N/D;aavv;Comune di Terracina;N/D;italiano;1;N/D;3;7
8871400224;Museo civico di Rieti;1990;N/D;Territorio;saggio;Reggiani;Casa editrice Quasar;Cataloghi dei musei locali e delle collezioni del Lazio;italiano;1;N/D;3;7
8871400038;Museo civico di Velletri;1989;N/D;Territorio;saggio;aavv;Casa editrice Quasar;Cataloghi dei musei locali e delle collezioni del Lazio;italiano;1;N/D;3;7
N/D;Aprilia comunica;2003;N/D;Territorio;Rivista;aavv;Comune di Aprilia;N/D;italiano;2;N/D;3;7
N/D;Viaggio per immagini attraverso la provincia di Latina;N/D;N/D;Territorio;saggio;aavv;Regione Lazio;N/D;italiano;1;N/D;3;7
8871400275;Volturnum;1991;N/D;Territorio;saggio;Crimaco;Quasar;N/D;italiano;1;N/D;3;7
N/D;Pio VI le paludi pontine Terracina;1995;N/D;Territorio;saggio;Rocci ;N/D;N/D;italiano;1;N/D;3;7
N/D;Regione Lazio settore diritto allo studio;N/D;N/D;Territorio;saggio;aavv;Regione Lazio;N/D;italiano;3;N/D;3;7
8873800777;Architettura e terremoti;1986;N/D;Territorio;saggio;aavv;Pratiche  ;N/D;italiano;1;40000 lire;3;7
N/D;Il diritto nelle società primitive;1973;N/D;Territorio;saggio;Hoeben;Il mulino ;N/D;italiano;1;6000 lire;3;7
N/D;Latii veteris documenta;2007;N/D;Territorio;N/D;Tofani;N/D;N/D;italiano;1;N/D;3;7
N/D;Novara com'era e com'è;2007;N/D;Territorio;Mostra;aavv;Fondazione banca popolare di Novara;N/D;italiano;1;N/D;3;7
N/D;Urgenza nella città;1972;1973;Territorio;saggio;Crispolti;Mazzotta editore;N/D;italiano;1;6000 lire;3;7
N/D;Itenerario di visita al Museo della moneta di Palazzo Koch;2015;N/D;Territorio;N/D;aavv;Banca d'Italia;N/D;italiano;1;N/D;3;7
8805012475;Tempi che scottano;1973;1983;Territorio;saggio;Bosco;Società editrice internazionale Torino;N/D;italiano;1;7300 lire;3;7
N/D;Un architetto in territorio pontino;2002;N/D;Territorio;saggio;Frezzotti;Itinera;N/D;italiano;1;€ 10,00;3;7
9788824011730;Ardea;2011;N/D;Territorio;saggio;Modica;Istituto poligrafico e zecca dello Stato;N/D;italiano;1;€ 10,00;3;7
9788898220496;Ivrea guida alla città di Adriano Olivetti;2016;N/D;Territorio;Guida;Peroni;Edizioni di comunità;N/D;italiano;1;€ 18,00;3;7
N/D;Il governo delle risorse idriche;2005;N/D;Territorio;saggio;aavv;Atti;N/D;italiano;1;N/D;3;7
N/D;Rocca Massima al tempo di don Giuseppe Cianfoni;2006;N/D;Territorio;saggio;Tomei;Mariano Tomei;N/D;italiano;1;€ 10,00;3;7
8811040426;Geografia d'Italia e d'Europa;1999;N/D;Territorio;Atlante;aavv;Garzanti;N/D;italiano;2;41500 lire;3;7
8841514485;Geografia economica;1994;N/D;Territorio;Guida;aavv;Istituto geografico de Agostini;N/D;italiano;1;N/D;3;7
N/D;L'artigianato del Friuli - Venezia Giulia;1991;N/D;Territorio;Rivista;aavv;USPI;N/D;italiano;1;N/D;3;7
N/D;Il tesoro di Asmara;N/D;N/D;Territorio;N/D;Iannuccelli;Associazione culturale pontina;N/D;italiano;1;€ 10,00;3;7
N/D;Norba e Norma;1971;N/D;Territorio;saggio;Annibale;N/D;N/D;italiano;1;N/D;3;7
8874486456;Il parco archeologico naturalistico nel porto di Traiano;N/D;N/D;Territorio;N/D;Mannucci;Ministero per i beni culturali ed ambientali;N/D;italiano;1;48000 lire;3;7
N/D;Jenne;2003;N/D;Territorio;saggio;Fratticci;Amministrazione comunale di Jenne;N/D;italiano;1;N/D;3;7
3944204;Il manifesto di Ventotene;2000;N/D;Territorio;N/D;aavv;Istituto di studi federalisti Altiero Spinelli;N/D;italiano;1;N/D;3;7
N/D;Satricum;2006;N/D;Territorio;N/D;Cassatella,Ceccarelli,Lulli,Pirrone;N/D;N/D;italiano;1;N/D;3;7
N/D;Le cupole romane;1986;N/D;Territorio;saggio;Pelliccioni;Paleani editrice;Raccolta di studi sui beni culturali ed ambientali;italiano;1;N/D;3;7
N/D;Sulle tracce di Garibaldi;2011;N/D;Territorio;saggio;Gavillucci;Edizioni terre latine;N/D;italiano;1;€ 22,00;3;7
N/D;La provincia del fare;N/D;N/D;Territorio;saggio;aavv;Provincia di Latina;N/D;italiano;2;N/D;3;7
N/D;Europa d'incanto;2004;N/D;Territorio;saggio;Pacilli;Associazione Italia Francia per l'Europa;N/D;italiano;1;N/D;3;7
8882895866;La vera cucina di Napoli;1995;N/D;Territorio;saggio;Francesconi;Newton Compton Editori;N/D;italiano;1;€ 8,90;3;7
N/D;Il Trattato di pace 10 febbraio 1947 nei programmi e nei testi scolastici di storia;2014;N/D;Territorio;saggio;Ballarin;Federazione delle Associazioni degli Esuli;N/D;italiano;1;N/D;3;7
N/D;Alla scoperta della nostra città: i servizi;1997;N/D;Territorio;guida;aavv;Comune di Aprilia;N/D;italiano;1;N/D;3;7
N/D;La popolazione di Aprilia;1987;N/D;Territorio;rivista;aavv;CEPIG;N/D;italiano;1;N/D;3;7
N/D;Aprilia anni 90;1986;N/D;Territorio;rivista;aavv;CEPIG;N/D;italiano;1;N/D;3;7
N/D;Aprilia Venere Feconda;N/D;N/D;Territorio;rivista;aavv;Comune di Aprilia;N/D;italiano;1;N/D;3;7
N/D;Giovanni Falcone e Paolo Borsellino;2012;N/D;Territorio;N/D;aavv;Associazione Cornelia;N/D;italiano;5;N/D;3;7
8889444002;Guida ai sentieri del Parco Regionale dei Monti Simbruni;2004;N/D;Territorio;guida;aavv;Parco Naturale Regionale dei Monti Simbruni;N/D;italiano;1;N/D;3;7
N/D;Frammenti di Aprilia sparita;2013;N/D;Territorio;saggio;Nencini;Comune di Aprilia;N/D;italiano;1;N/D;3;7
8889444045;Parco Regionale Monti Simbruni;2003;N/D;Territorio;guida;aavv;Parco Naturale Regionale dei Monti Simbruni;N/D;italiano;1;N/D;3;7
N/D;Monti Simbruni;N/D;N/D;Territorio;guida;Lollobrigida;Parco Naturale Regionale dei Monti Simbruni;N/D;italiano;1;N/D;3;7
N/D;Storia di una grande scoperta archeologica;2007;N/D;Territorio;catalogo;aavv;N/D;N/D;italiano;2;N/D;3;7
9788889999813;Lotta senza quartiere;2012;N/D;Territorio;saggio;Ceci;EMMEBI;Collana Henry Dunant e Croce Rossa diretta da Paolo Vanni;italiano;1;N/D;3;7
N/D;La storia e le testimonianze;N/D;N/D;Territorio;catalogo;aavv;Regione Lazio;Satricum;italiano;1;N/D;3;7
N/D;archeologia e topografia;N/D;N/D;Territorio;catalogo;aavv;Regione Lazio;Satricum;italiano;1;N/D;3;7
N/D;Le gole della montagna rossa;2012;N/D;Territorio;N/D;aavv;Il lavoro editoriale;N/D;italiano;1;N/D;3;7
N/D;Cagli I;1981;N/D;Territorio;raccolta;aavv;Paleani editrice;N/D;italiano;1;N/D;3;7
N/D;Basilicata itinerari nei paesaggi d'autore;2000;N/D;Territorio;guida;aavv;APT Basilicata;N/D;italiano;1;N/D;3;7
9788890893001;Cori la città come museo;2013;N/D;Territorio;guida;aavv;edizioni teameia cultura;N/D;italiano;1;N/D;3;7
8870970124;Museo della civiltà romana;1990;N/D;Territorio;N/D;Chini;edizioni quasar;N/D;italiano;1;N/D;3;7
N/D;Area sacra di Satricum;1985;N/D;Territorio;saggio;Chiarucci e Gizzi;Paleani editrice;N/D;italiano;1;N/D;3;7
N/D;La battaglia di Campomorto;2006;N/D;Territorio;saggio;Pepi;Comune di Aprilia;N/D;italiano;1;N/D;3;7
9788860603739;Unità nelle arti;2011;N/D;Territorio;saggio;Cardone e Tetro;Palombi editori;N/D;italiano;1;€ 15,00;3;7
N/D;Valorizzazione e riqualificazione culturale e ambientale per uno sviluppo turistico sostenibile;2007;N/D;Territorio;N/D;aavv;Città di Latina;N/D;italiano;1;N/D;3;7
N/D;Oriolo Frezzoli un architetto in territorio pontino;N/D;N/D;Territorio;Illustrazione;Massimiliano Vittori;Itinera;N/D;italiano;1;€ 10,00;3;7
8805012475;Tempi che scottano;1973;N/D;Territorio;saggio;Teresio Bosco;Socità editrice internazionale Torino;N/D;italiano;1;7300 lire;3;7
N/D;La vera cucina di Napoli;2007;N/D;Territorio;Mostra fotografica;Antonio Poggi Steffanina;Stampa italgrafica;N/D;italiano;1;N/D;3;7
N/D;Italia e fascismo 1926;1965;N/D;N/D;saggio;Luigi Sturzo;Zanichelli Bologna;Prima serie volume 1;italiano;1;2800 lire;3;9
N/D;La comunità internazionale e il diritto di guerra;1954;N/D;N/D;saggio;Luigi Sturzo;Nicola Zanichelli editore;Prima serie volume 2;italiano;1;12000 lire;3;9
N/D;Chiesa e Stato;1978;N/D;N/D;saggio;Luigi Sturzo;Nicola Zanichelli editore Bologna;Prima serie volume 6;italiano;1;12000 lire;3;9
N/D;Chiesa e Stato;1958;N/D;N/D;saggio;Luigi Sturzo;Nicola Zanichelli editore Bologna;Prima serie volume 5;italiano;1;12000 lire;3;9
N/D;Politica e morale Coscienza e politica;1972;N/D;N/D;saggio;Luigi Sturzo;Zanichelli Bologna;Prima serie volume 4;italiano;1;12000 lire;3;9
N/D;La società sua natura e leggi;1960;N/D;N/D;saggio;Luigi Sturzo;Nicola Zanichelli editore Bologna;Prima serie volume 3;italiano;1;12000 lire;3;9
N/D;Del metodo sociologico;1970;N/D;N/D;saggio;Luigi Sturzo;Zanichelli Bologna;Prima serie volume 12;italiano;1;12000 lire;3;9
N/D;La regione nella nazione;1974;N/D;N/D;saggio;Luigi Sturzo;Zanichelli Bologna;Prima serie volume 11;italiano;1;12000 lire;3;9
N/D;Nazionalismo e internazionalismo;1971;N/D;N/D;saggio;Luigi Sturzo;Zanichelli Bologna;Prima serie volume 10;italiano;1;12000 lire;3;9
N/D;Problemi sprirituali del nostro tempo;1961;N/D;N/D;saggio;Luigi Sturzo;Nicola Zanichelli editore Bologna;Prima serie volume 9;italiano;1;12000 lire;3;9
N/D;Politica di questi anni;1968;N/D;N/D;saggio;Luigi Sturzo;Zanichelli Bologna;Secondo serie volume 13;italiano;1;12000 lire;3;9
N/D;Politica di questi anni;1966;N/D;N/D;saggio;Luigi Sturzo;Zanichelli Bologna;Secondo serie volume 12;italiano;1;12000 lire;3;9
N/D;Politica di questi anni;1957;N/D;N/D;saggio;Luigi Sturzo;Nicola Zanichelli editore Bologna;Secondo serie volume 11;italiano;1;12000 lire;3;9
N/D;Politica di questi anni;1955;N/D;N/D;saggio;Luigi Sturzo;Nicola Zanichelli editore Bologna;Secondo serie volume 10;italiano;1;4246 lire;3;9
N/D;Politica di questi anni;1954;N/D;N/D;saggio;Luigi Sturzo;Nicola Zanichelli editore Bologna;Seconda serie volume 9;italiano;1;12000 lire;3;9
N/D;Miscellanea londinese;1974;N/D;N/D;saggio;Luigi Sturzo;Zanichelli Bologna;Seconda serie volume 6 parte 4;italiano;1;12000 lire;3;9
N/D;Miscellanea londinese;1967;N/D;N/D;saggio;Luigi Sturzo;Zanichelli Bologna;Seconda serie volume 6 parte 2;italiano;1;12000 lire;3;9
N/D;Miscellanea londinese;1965;N/D;N/D;saggio;Luigi Sturzo;Zanichelli Bologna;Seconda serie volume 6 parte 1;italiano;1;12000 lire;3;9
N/D;Miscellanea londinese;1970;N/D;N/D;saggio;Luigi Sturzo;Zanichelli Bologna;Seconda serie volume 6 parte 3;italiano;1;12000 lire;3;9
N/D;Il Partito popolare italiano;1978;N/D;N/D;saggio;Luigi Sturzo;Nicola Zanichelli editore Bologna;Secondo serie volume 5;italiano;1;12000 lire;3;9
N/D;Il Partito popolare italiano;1956;N/D;N/D;saggio;Luigi Sturzo;Nicola Zanichelli editore Bologna;Secondo serie volume 4;italiano;1;12000 lire;3;9
N/D;Il Partito popolare italiano;1956;N/D;N/D;saggio;Luigi Sturzo;Nicola Zanichelli editore Bologna;Secondo serie volume 3;italiano;1;12000 lire;3;9
N/D;Sintesi sociali;1961;N/D;N/D;saggio;Luigi Sturzo;Nicola Zanichelli editore Bologna;Secondo serie volume 1;italiano;1;12000 lire;3;9
N/D;Scritture e società;1981;N/D;N/D;saggio;Pier Marco Bertinetto;Zanichelli editore;N/D;italiano;1;13200 lire;3;9
9771824928313;La letteratura italiana;2005;N/D;N/D;saggio;aavv;Corriere della sera;N/D;italiano;1;N/D;3;9
N/D;Letteratura italiana: materiale per un programma;1974;N/D;N/D;saggio;Renzo Nanni;Angelo Signorelli editore/Roma;N/D;italiano;1;5600 lire;3;9
